Date,Customer_ID,Product,Quantity,Price_per_unit,Sales
2023-01-01,CUST0175,Mouse,4,1731.58,6926.32
2023-01-01,CUST0166,Monitor,3,428.38,1285.14
2023-01-01,CUST0032,Laptop,2,228.58,457.16
2023-01-01,CUST0018,Monitor,2,1504.96,3009.92
2023-01-01,CUST0226,Monitor,2,1085.28,2170.56
2023-01-01,CUST0243,Monitor,3,1890.01,5670.03
2023-01-02,CUST0051,Laptop,1,1922.04,1922.04
2023-01-02,CUST0235,Camera,4,1902.84,7611.36
2023-01-02,CUST0157,Headphones,3,1295.42,3886.26
2023-01-03,CUST0093,Camera,2,1609.57,3219.14
2023-01-04,CUST0159,Mouse,2,1936.17,3872.34
2023-01-04,CUST0284,Camera,3,1894.53,5683.59
2023-01-04,CUST0201,Camera,3,128.18,384.54
2023-01-04,CUST0125,Mouse,1,618.79,618.79
2023-01-05,CUST0208,Mouse,3,666.95,2000.85
2023-01-05,CUST0272,Laptop,1,1733.29,1733.29
2023-01-05,CUST0211,Monitor,1,878.28,878.28
2023-01-05,CUST0001,Smartphone,3,54.75,164.25
2023-01-05,CUST0008,Headphones,3,1529.36,4588.08
2023-01-06,CUST0009,Charger,4,1732.02,6928.08
2023-01-06,CUST0105,Keyboard,1,151.6,151.6
2023-01-06,CUST0104,Keyboard,4,464.1,1856.4
2023-01-06,CUST0291,Monitor,4,1708.04,6832.16
2023-01-07,CUST0143,Smartphone,1,1679.55,1679.55
2023-01-07,CUST0015,Laptop,1,1080.4,1080.4
2023-01-08,CUST0251,Keyboard,3,498.16,1494.48
2023-01-08,CUST0223,Charger,1,1130.14,1130.14
2023-01-08,CUST0269,Keyboard,2,351.37,702.74
2023-01-09,CUST0069,Monitor,2,135.02,270.04
2023-01-09,CUST0215,Monitor,1,729.99,729.99
2023-01-09,CUST0262,Monitor,3,592.59,1777.77
2023-01-10,CUST0221,Charger,4,1936.77,7747.08
2023-01-10,CUST0009,Monitor,4,1304.04,5216.16
2023-01-12,CUST0119,Keyboard,4,1981.54,7926.16
2023-01-12,CUST0143,Keyboard,3,1025.45,3076.35
2023-01-12,CUST0181,Keyboard,4,36.47,145.88
2023-01-13,CUST0021,Charger,4,1728.73,6914.92
2023-01-13,CUST0215,Charger,3,562.66,1687.98
2023-01-13,CUST0198,Laptop,3,958.14,2874.42
2023-01-13,CUST0037,Camera,2,416.56,833.12
2023-01-14,CUST0153,Laptop,3,1272.77,3818.31
2023-01-14,CUST0103,Smartphone,2,302.83,605.66
2023-01-14,CUST0082,Camera,1,1416.18,1416.18
2023-01-14,CUST0065,Monitor,3,1562.62,4687.86
2023-01-15,CUST0154,Mouse,1,22.68,22.68
2023-01-15,CUST0243,Laptop,1,1432.15,1432.15
2023-01-15,CUST0085,Laptop,4,1844.19,7376.76
2023-01-16,CUST0081,Charger,2,229.69,459.38
2023-01-17,CUST0296,Monitor,1,621.81,621.81
2023-01-18,CUST0216,Camera,1,175.34,175.34
2023-01-19,CUST0270,Monitor,1,1792.79,1792.79
2023-01-19,CUST0166,Laptop,4,347.26,1389.04
2023-01-20,CUST0014,Smartphone,4,1957.48,7829.92
2023-01-20,CUST0233,Smartphone,1,248.48,248.48
2023-01-20,CUST0069,Keyboard,3,1341.08,4023.24
2023-01-21,CUST0288,Headphones,2,767.09,1534.18
2023-01-21,CUST0172,Monitor,4,162.12,648.48
2023-01-22,CUST0005,Mouse,1,1135.52,1135.52
2023-01-22,CUST0113,Smartphone,2,830.64,1661.28
2023-01-22,CUST0267,Monitor,4,1032.04,4128.16
2023-01-23,CUST0295,Keyboard,1,1045.66,1045.66
2023-01-23,CUST0226,Laptop,1,1206.11,1206.11
2023-01-25,CUST0026,Headphones,1,898.96,898.96
2023-01-25,CUST0117,Smartphone,1,409.37,409.37
2023-01-25,CUST0271,Smartphone,1,1324.91,1324.91
2023-01-26,CUST0050,Smartphone,3,985.91,2957.73
2023-01-26,CUST0169,Keyboard,4,1361.51,5446.04
2023-01-26,CUST0007,Headphones,3,1395.3,4185.9
2023-01-27,CUST0246,Keyboard,3,1087.41,3262.23
2023-01-28,CUST0111,Monitor,4,820.49,3281.96
2023-01-28,CUST0063,Headphones,2,1252.38,2504.76
2023-01-28,CUST0221,Laptop,3,722.75,2168.25
2023-01-28,CUST0084,Monitor,1,1689.79,1689.79
2023-01-28,CUST0279,Smartphone,4,921.24,3684.96
2023-01-29,CUST0025,Smartphone,1,978.47,978.47
2023-01-29,CUST0027,Laptop,1,721.76,721.76
2023-01-30,CUST0204,Charger,1,876.05,876.05
2023-01-31,CUST0118,Charger,2,143.88,287.76
2023-02-02,CUST0127,Mouse,1,1927.73,1927.73
2023-02-02,CUST0289,Mouse,2,50.48,100.96
2023-02-02,CUST0011,Monitor,4,1882.75,7531.0
2023-02-03,CUST0001,Smartphone,4,1803.9,7215.6
2023-02-03,CUST0145,Camera,1,1420.65,1420.65
2023-02-03,CUST0100,Keyboard,3,1166.04,3498.12
2023-02-03,CUST0275,Camera,3,940.72,2822.16
2023-02-04,CUST0267,Monitor,2,53.56,107.12
2023-02-04,CUST0007,Monitor,4,879.36,3517.44
2023-02-04,CUST0067,Camera,4,1902.53,7610.12
2023-02-04,CUST0154,Monitor,4,1946.69,7786.76
2023-02-04,CUST0243,Smartphone,3,1805.51,5416.53
2023-02-05,CUST0220,Mouse,4,310.91,1243.64
2023-02-05,CUST0103,Smartphone,4,703.78,2815.12
2023-02-05,CUST0180,Headphones,1,1499.94,1499.94
2023-02-05,CUST0017,Keyboard,3,1221.33,3663.99
2023-02-06,CUST0039,Keyboard,4,1699.88,6799.52
2023-02-06,CUST0224,Camera,1,1649.51,1649.51
2023-02-06,CUST0109,Laptop,2,516.98,1033.96
2023-02-07,CUST0232,Charger,2,677.74,1355.48
2023-02-07,CUST0150,Mouse,3,755.51,2266.53
2023-02-08,CUST0215,Camera,2,77.76,155.52
2023-02-08,CUST0153,Mouse,1,82.85,82.85
2023-02-08,CUST0267,Laptop,4,1215.2,4860.8
2023-02-08,CUST0250,Charger,4,1434.37,5737.48
2023-02-08,CUST0214,Mouse,2,23.94,47.88
2023-02-08,CUST0014,Charger,2,1438.47,2876.94
2023-02-08,CUST0039,Keyboard,3,992.37,2977.11
2023-02-09,CUST0277,Mouse,2,436.8,873.6
2023-02-10,CUST0095,Keyboard,1,1296.77,1296.77
2023-02-10,CUST0210,Mouse,1,995.87,995.87
2023-02-10,CUST0003,Camera,2,1587.29,3174.58
2023-02-11,CUST0063,Monitor,2,1299.99,2599.98
2023-02-11,CUST0157,Camera,3,1533.59,4600.77
2023-02-11,CUST0239,Laptop,2,1951.18,3902.36
2023-02-12,CUST0161,Monitor,2,153.17,306.34
2023-02-12,CUST0169,Laptop,1,1351.47,1351.47
2023-02-13,CUST0049,Headphones,1,1165.03,1165.03
2023-02-13,CUST0088,Headphones,4,454.72,1818.88
2023-02-13,CUST0269,Mouse,3,1954.47,5863.41
2023-02-13,CUST0254,Monitor,3,433.59,1300.77
2023-02-14,CUST0084,Charger,1,744.05,744.05
2023-02-15,CUST0025,Mouse,3,1611.0,4833.0
2023-02-15,CUST0114,Laptop,1,895.74,895.74
2023-02-15,CUST0061,Monitor,4,1934.35,7737.4
2023-02-16,CUST0147,Headphones,3,1064.8,3194.4
2023-02-16,CUST0227,Charger,1,426.56,426.56
2023-02-16,CUST0003,Camera,4,1597.43,6389.72
2023-02-16,CUST0108,Charger,1,641.47,641.47
2023-02-16,CUST0077,Mouse,4,1219.16,4876.64
2023-02-17,CUST0262,Keyboard,1,1506.86,1506.86
2023-02-17,CUST0063,Smartphone,1,125.63,125.63
2023-02-17,CUST0106,Monitor,3,1047.68,3143.04
2023-02-18,CUST0201,Smartphone,2,622.31,1244.62
2023-02-18,CUST0291,Monitor,4,144.13,576.52
2023-02-19,CUST0015,Mouse,4,228.62,914.48
2023-02-20,CUST0015,Charger,1,781.02,781.02
2023-02-20,CUST0044,Smartphone,4,86.68,346.72
2023-02-20,CUST0126,Charger,3,1533.42,4600.26
2023-02-20,CUST0055,Mouse,4,1316.21,5264.84
2023-02-20,CUST0089,Mouse,3,733.26,2199.78
2023-02-20,CUST0040,Charger,3,1818.29,5454.87
2023-02-21,CUST0178,Headphones,2,348.18,696.36
2023-02-21,CUST0210,Laptop,2,1565.14,3130.28
2023-02-21,CUST0029,Smartphone,3,1305.66,3916.98
2023-02-22,CUST0243,Headphones,4,297.84,1191.36
2023-02-22,CUST0245,Mouse,1,1114.36,1114.36
2023-02-22,CUST0120,Laptop,1,1195.25,1195.25
2023-02-22,CUST0226,Smartphone,2,63.39,126.78
2023-02-22,CUST0035,Laptop,3,1654.32,4962.96
2023-02-22,CUST0261,Smartphone,1,604.7,604.7
2023-02-22,CUST0104,Camera,3,1431.83,4295.49
2023-02-23,CUST0227,Mouse,3,1728.03,5184.09
2023-02-23,CUST0264,Camera,4,1989.74,7958.96
2023-02-23,CUST0130,Charger,4,1023.98,4095.92
2023-02-23,CUST0090,Camera,4,795.88,3183.52
2023-02-23,CUST0081,Laptop,4,351.3,1405.2
2023-02-23,CUST0289,Monitor,4,115.41,461.64
2023-02-23,CUST0017,Keyboard,4,97.08,388.32
2023-02-24,CUST0042,Laptop,3,1688.57,5065.71
2023-02-25,CUST0102,Mouse,4,1206.62,4826.48
2023-02-25,CUST0069,Headphones,1,1306.03,1306.03
2023-02-26,CUST0099,Headphones,2,131.23,262.46
2023-02-27,CUST0277,Smartphone,2,348.18,696.36
2023-02-27,CUST0215,Headphones,4,1565.65,6262.6
2023-02-27,CUST0034,Charger,1,1415.64,1415.64
2023-02-27,CUST0179,Charger,4,483.72,1934.88
2023-02-27,CUST0148,Smartphone,2,132.04,264.08
2023-02-27,CUST0062,Mouse,4,1470.74,5882.96
2023-02-28,CUST0213,Smartphone,4,1681.89,6727.56
2023-03-01,CUST0236,Laptop,1,805.18,805.18
2023-03-01,CUST0278,Headphones,1,1838.48,1838.48
2023-03-02,CUST0073,Laptop,3,920.43,2761.29
2023-03-02,CUST0294,Monitor,2,479.4,958.8
2023-03-03,CUST0177,Smartphone,3,466.25,1398.75
2023-03-03,CUST0012,Keyboard,1,1843.12,1843.12
2023-03-03,CUST0049,Mouse,2,1020.91,2041.82
2023-03-03,CUST0092,Camera,1,1361.53,1361.53
2023-03-04,CUST0038,Charger,4,1674.25,6697.0
2023-03-04,CUST0161,Laptop,2,42.61,85.22
2023-03-04,CUST0159,Headphones,2,1320.32,2640.64
2023-03-04,CUST0025,Smartphone,3,1697.18,5091.54
2023-03-06,CUST0092,Headphones,3,810.09,2430.27
2023-03-06,CUST0282,Mouse,4,1782.63,7130.52
2023-03-06,CUST0059,Charger,1,655.9,655.9
2023-03-07,CUST0156,Keyboard,2,1926.28,3852.56
2023-03-07,CUST0195,Camera,1,1879.36,1879.36
2023-03-08,CUST0281,Keyboard,4,587.31,2349.24
2023-03-09,CUST0181,Keyboard,3,1190.44,3571.32
2023-03-09,CUST0124,Laptop,4,1480.1,5920.4
2023-03-10,CUST0160,Mouse,3,543.27,1629.81
2023-03-10,CUST0079,Keyboard,3,1652.99,4958.97
2023-03-10,CUST0177,Camera,3,153.66,460.98
2023-03-10,CUST0285,Keyboard,4,664.08,2656.32
2023-03-11,CUST0046,Laptop,1,1501.74,1501.74
2023-03-11,CUST0074,Smartphone,1,1946.69,1946.69
2023-03-13,CUST0298,Monitor,4,958.36,3833.44
2023-03-13,CUST0261,Camera,2,1180.01,2360.02
2023-03-14,CUST0076,Camera,4,1857.8,7431.2
2023-03-15,CUST0147,Keyboard,4,633.42,2533.68
2023-03-16,CUST0087,Camera,1,579.31,579.31
2023-03-16,CUST0118,Monitor,2,1280.02,2560.04
2023-03-16,CUST0206,Headphones,3,1757.39,5272.17
2023-03-16,CUST0121,Headphones,2,979.39,1958.78
2023-03-17,CUST0084,Camera,3,238.66,715.98
2023-03-17,CUST0241,Mouse,1,244.34,244.34
2023-03-17,CUST0204,Monitor,2,1267.89,2535.78
2023-03-19,CUST0026,Monitor,1,790.68,790.68
2023-03-19,CUST0237,Laptop,3,1783.01,5349.03
2023-03-19,CUST0129,Smartphone,4,1342.17,5368.68
2023-03-21,CUST0092,Headphones,2,1398.93,2797.86
2023-03-22,CUST0042,Monitor,1,610.14,610.14
2023-03-22,CUST0200,Mouse,1,770.61,770.61
2023-03-22,CUST0156,Mouse,2,1760.79,3521.58
2023-03-22,CUST0239,Smartphone,1,1590.42,1590.42
2023-03-23,CUST0147,Smartphone,4,152.61,610.44
2023-03-24,CUST0157,Headphones,2,152.69,305.38
2023-03-24,CUST0125,Monitor,1,1489.66,1489.66
2023-03-25,CUST0193,Charger,2,1177.21,2354.42
2023-03-26,CUST0131,Laptop,1,406.05,406.05
2023-03-27,CUST0062,Smartphone,4,1415.02,5660.08
2023-03-27,CUST0150,Charger,3,1982.83,5948.49
2023-03-27,CUST0293,Camera,1,1221.56,1221.56
2023-03-29,CUST0101,Keyboard,3,1611.84,4835.52
2023-03-30,CUST0005,Headphones,1,220.72,220.72
2023-03-30,CUST0063,Charger,4,997.75,3991.0
2023-03-31,CUST0178,Laptop,2,39.76,79.52
2023-03-31,CUST0045,Laptop,3,1452.43,4357.29
2023-03-31,CUST0161,Headphones,1,1683.41,1683.41
2023-03-31,CUST0023,Charger,2,1234.32,2468.64
2023-04-01,CUST0236,Headphones,3,1394.02,4182.06
2023-04-02,CUST0129,Keyboard,3,97.1,291.3
2023-04-02,CUST0098,Laptop,2,1895.24,3790.48
2023-04-02,CUST0011,Headphones,4,681.42,2725.68
2023-04-02,CUST0198,Headphones,2,1932.77,3865.54
2023-04-03,CUST0031,Monitor,3,1187.12,3561.36
2023-04-03,CUST0184,Charger,2,639.3,1278.6
2023-04-04,CUST0208,Mouse,4,1169.78,4679.12
2023-04-04,CUST0269,Laptop,3,976.42,2929.26
2023-04-05,CUST0084,Mouse,2,612.78,1225.56
2023-04-05,CUST0172,Laptop,1,1637.22,1637.22
2023-04-05,CUST0216,Laptop,3,1995.3,5985.9
2023-04-05,CUST0170,Laptop,4,878.49,3513.96
2023-04-05,CUST0087,Keyboard,2,329.82,659.64
2023-04-06,CUST0266,Laptop,3,1617.79,4853.37
2023-04-06,CUST0090,Keyboard,1,556.77,556.77
2023-04-06,CUST0223,Laptop,4,1352.29,5409.16
2023-04-06,CUST0017,Keyboard,4,926.83,3707.32
2023-04-06,CUST0218,Charger,1,1271.92,1271.92
2023-04-07,CUST0234,Charger,2,342.15,684.3
2023-04-07,CUST0036,Monitor,1,273.18,273.18
2023-04-08,CUST0082,Smartphone,2,1442.3,2884.6
2023-04-08,CUST0276,Smartphone,1,543.98,543.98
2023-04-08,CUST0152,Laptop,1,30.52,30.52
2023-04-09,CUST0042,Camera,1,1332.83,1332.83
2023-04-09,CUST0098,Mouse,4,579.34,2317.36
2023-04-09,CUST0102,Camera,1,379.6,379.6
2023-04-09,CUST0009,Monitor,3,1986.64,5959.92
2023-04-09,CUST0233,Keyboard,1,1470.81,1470.81
2023-04-09,CUST0075,Smartphone,4,495.99,1983.96
2023-04-09,CUST0029,Mouse,1,1550.38,1550.38
2023-04-09,CUST0177,Laptop,3,1550.16,4650.48
2023-04-09,CUST0058,Charger,4,598.92,2395.68
2023-04-10,CUST0105,Laptop,3,172.42,517.26
2023-04-10,CUST0261,Laptop,1,1930.73,1930.73
2023-04-10,CUST0273,Camera,2,1113.95,2227.9
2023-04-10,CUST0175,Headphones,1,1579.03,1579.03
2023-04-11,CUST0216,Mouse,4,521.14,2084.56
2023-04-11,CUST0054,Monitor,3,1690.43,5071.29
2023-04-11,CUST0156,Keyboard,2,1637.61,3275.22
2023-04-11,CUST0101,Charger,4,1618.17,6472.68
2023-04-11,CUST0039,Headphones,4,374.93,1499.72
2023-04-13,CUST0236,Charger,1,331.4,331.4
2023-04-13,CUST0270,Laptop,3,662.53,1987.59
2023-04-13,CUST0013,Laptop,4,1371.58,5486.32
2023-04-13,CUST0259,Smartphone,3,263.38,790.14
2023-04-14,CUST0016,Charger,4,751.18,3004.72
2023-04-14,CUST0027,Charger,4,1171.61,4686.44
2023-04-15,CUST0158,Charger,1,499.2,499.2
2023-04-15,CUST0050,Keyboard,2,1612.9,3225.8
2023-04-16,CUST0231,Charger,4,732.9,2931.6
2023-04-16,CUST0073,Camera,2,1354.56,2709.12
2023-04-16,CUST0120,Camera,2,533.96,1067.92
2023-04-17,CUST0220,Camera,3,1435.9,4307.7
2023-04-17,CUST0010,Camera,4,909.71,3638.84
2023-04-18,CUST0189,Monitor,1,1567.02,1567.02
2023-04-18,CUST0185,Keyboard,1,280.8,280.8
2023-04-19,CUST0271,Mouse,2,1855.68,3711.36
2023-04-19,CUST0203,Keyboard,3,1994.53,5983.59
2023-04-21,CUST0271,Laptop,4,1796.78,7187.12
2023-04-21,CUST0206,Monitor,1,1997.81,1997.81
2023-04-21,CUST0141,Camera,2,1947.3,3894.6
2023-04-21,CUST0224,Smartphone,3,1922.62,5767.86
2023-04-21,CUST0290,Smartphone,4,1697.83,6791.32
2023-04-22,CUST0168,Keyboard,1,1522.38,1522.38
2023-04-22,CUST0163,Camera,4,1647.23,6588.92
2023-04-22,CUST0039,Monitor,4,1523.4,6093.6
2023-04-22,CUST0246,Keyboard,3,1513.44,4540.32
2023-04-23,CUST0249,Charger,3,1962.76,5888.28
2023-04-23,CUST0073,Smartphone,1,1010.71,1010.71
2023-04-23,CUST0255,Smartphone,2,118.96,237.92
2023-04-23,CUST0117,Laptop,1,1901.91,1901.91
2023-04-23,CUST0067,Smartphone,1,499.11,499.11
2023-04-23,CUST0175,Monitor,1,1558.56,1558.56
2023-04-23,CUST0055,Headphones,3,876.98,2630.94
2023-04-24,CUST0258,Mouse,2,414.56,829.12
2023-04-24,CUST0268,Camera,3,1211.08,3633.24
2023-04-25,CUST0160,Monitor,3,1282.62,3847.86
2023-04-26,CUST0275,Smartphone,3,1805.84,5417.52
2023-04-26,CUST0076,Headphones,2,1736.21,3472.42
2023-04-26,CUST0019,Monitor,2,1782.48,3564.96
2023-04-27,CUST0267,Camera,4,134.31,537.24
2023-04-27,CUST0199,Laptop,3,1571.84,4715.52
2023-04-28,CUST0111,Smartphone,3,498.17,1494.51
2023-04-28,CUST0167,Monitor,3,132.82,398.46
2023-04-28,CUST0152,Laptop,3,291.55,874.65
2023-04-28,CUST0259,Headphones,4,848.3,3393.2
2023-04-29,CUST0117,Headphones,2,1193.82,2387.64
2023-04-29,CUST0150,Mouse,1,1994.42,1994.42
2023-04-30,CUST0165,Headphones,2,91.32,182.64
2023-04-30,CUST0061,Headphones,2,627.42,1254.84
2023-05-01,CUST0144,Smartphone,4,950.58,3802.32
2023-05-01,CUST0287,Charger,2,439.04,878.08
2023-05-02,CUST0130,Camera,1,535.27,535.27
2023-05-02,CUST0063,Keyboard,2,760.36,1520.72
2023-05-02,CUST0041,Laptop,2,1264.28,2528.56
2023-05-02,CUST0168,Smartphone,1,499.02,499.02
2023-05-02,CUST0151,Monitor,4,48.48,193.92
2023-05-02,CUST0274,Smartphone,4,1829.3,7317.2
2023-05-03,CUST0147,Laptop,3,1052.49,3157.47
2023-05-04,CUST0119,Keyboard,1,1547.82,1547.82
2023-05-04,CUST0193,Mouse,1,44.07,44.07
2023-05-05,CUST0108,Smartphone,2,1941.11,3882.22
2023-05-06,CUST0072,Smartphone,3,57.88,173.64
2023-05-06,CUST0300,Laptop,1,1764.33,1764.33
2023-05-06,CUST0241,Keyboard,1,414.0,414.0
2023-05-06,CUST0078,Keyboard,1,533.89,533.89
2023-05-06,CUST0117,Camera,4,1443.1,5772.4
2023-05-06,CUST0245,Laptop,2,513.04,1026.08
2023-05-07,CUST0047,Camera,4,222.98,891.92
2023-05-07,CUST0059,Camera,1,1377.18,1377.18
2023-05-07,CUST0132,Keyboard,2,1279.16,2558.32
2023-05-08,CUST0080,Camera,4,1328.81,5315.24
2023-05-08,CUST0059,Smartphone,4,868.83,3475.32
2023-05-08,CUST0296,Charger,4,156.64,626.56
2023-05-08,CUST0215,Camera,3,788.57,2365.71
2023-05-09,CUST0209,Monitor,3,254.64,763.92
2023-05-09,CUST0011,Keyboard,3,1041.41,3124.23
2023-05-09,CUST0072,Mouse,4,678.26,2713.04
2023-05-10,CUST0097,Smartphone,1,409.91,409.91
2023-05-10,CUST0288,Monitor,3,885.25,2655.75
2023-05-11,CUST0041,Keyboard,3,1021.8,3065.4
2023-05-11,CUST0094,Smartphone,3,1555.19,4665.57
2023-05-11,CUST0295,Laptop,2,1785.91,3571.82
2023-05-11,CUST0110,Monitor,4,258.01,1032.04
2023-05-12,CUST0181,Smartphone,3,1679.06,5037.18
2023-05-13,CUST0207,Camera,1,501.93,501.93
2023-05-13,CUST0228,Headphones,3,1568.28,4704.84
2023-05-13,CUST0175,Camera,1,335.79,335.79
2023-05-13,CUST0290,Mouse,3,1182.13,3546.39
2023-05-13,CUST0100,Monitor,2,626.8,1253.6
2023-05-14,CUST0214,Laptop,4,794.25,3177.0
2023-05-14,CUST0072,Keyboard,3,1611.53,4834.59
2023-05-14,CUST0148,Keyboard,4,407.75,1631.0
2023-05-15,CUST0104,Camera,2,1071.26,2142.52
2023-05-15,CUST0149,Charger,4,430.01,1720.04
2023-05-15,CUST0014,Laptop,2,1821.69,3643.38
2023-05-16,CUST0145,Headphones,4,1755.11,7020.44
2023-05-16,CUST0084,Keyboard,1,1452.42,1452.42
2023-05-16,CUST0254,Mouse,3,549.83,1649.49
2023-05-17,CUST0173,Camera,4,527.8,2111.2
2023-05-17,CUST0194,Mouse,4,1269.23,5076.92
2023-05-18,CUST0251,Monitor,3,97.18,291.54
2023-05-19,CUST0134,Laptop,3,49.09,147.27
2023-05-19,CUST0143,Charger,3,989.0,2967.0
2023-05-20,CUST0029,Smartphone,3,1579.35,4738.05
2023-05-20,CUST0049,Charger,1,1727.16,1727.16
2023-05-21,CUST0064,Charger,3,1039.57,3118.71
2023-05-21,CUST0163,Camera,3,720.5,2161.5
2023-05-22,CUST0119,Camera,1,1979.11,1979.11
2023-05-22,CUST0108,Laptop,2,1459.57,2919.14
2023-05-23,CUST0188,Mouse,4,1132.9,4531.6
2023-05-23,CUST0194,Camera,2,1390.31,2780.62
2023-05-23,CUST0182,Laptop,2,471.91,943.82
2023-05-24,CUST0122,Mouse,2,424.55,849.1
2023-05-24,CUST0293,Keyboard,1,1669.0,1669.0
2023-05-24,CUST0134,Camera,1,146.73,146.73
2023-05-24,CUST0004,Keyboard,1,1015.21,1015.21
2023-05-24,CUST0281,Keyboard,3,756.01,2268.03
2023-05-24,CUST0178,Mouse,1,1481.01,1481.01
2023-05-24,CUST0011,Smartphone,2,1339.87,2679.74
2023-05-25,CUST0293,Keyboard,1,589.51,589.51
2023-05-25,CUST0188,Keyboard,4,1712.85,6851.4
2023-05-25,CUST0268,Camera,3,356.36,1069.08
2023-05-25,CUST0043,Camera,1,438.24,438.24
2023-05-25,CUST0027,Headphones,2,1016.2,2032.4
2023-05-26,CUST0092,Headphones,2,1631.97,3263.94
2023-05-26,CUST0051,Laptop,1,79.45,79.45
2023-05-26,CUST0131,Monitor,2,455.82,911.64
2023-05-27,CUST0187,Laptop,2,1106.74,2213.48
2023-05-27,CUST0146,Camera,3,399.35,1198.05
2023-05-27,CUST0176,Monitor,2,639.56,1279.12
2023-05-27,CUST0280,Charger,3,459.71,1379.13
2023-05-27,CUST0289,Charger,3,1074.36,3223.08
2023-05-27,CUST0244,Monitor,3,1054.57,3163.71
2023-05-28,CUST0081,Camera,4,656.91,2627.64
2023-05-28,CUST0222,Mouse,2,1853.86,3707.72
2023-05-28,CUST0274,Smartphone,3,1783.89,5351.67
2023-05-29,CUST0086,Mouse,1,1090.99,1090.99
2023-05-30,CUST0227,Smartphone,1,886.57,886.57
2023-05-30,CUST0090,Smartphone,2,219.94,439.88
2023-05-30,CUST0095,Monitor,1,557.39,557.39
2023-05-31,CUST0209,Camera,4,807.72,3230.88
2023-05-31,CUST0026,Keyboard,2,1522.83,3045.66
2023-05-31,CUST0163,Laptop,4,1903.95,7615.8
2023-05-31,CUST0276,Charger,4,1501.4,6005.6
2023-05-31,CUST0285,Keyboard,4,616.07,2464.28
2023-06-01,CUST0188,Charger,3,180.68,542.04
2023-06-01,CUST0055,Keyboard,1,1365.65,1365.65
2023-06-01,CUST0040,Camera,3,1408.26,4224.78
2023-06-01,CUST0038,Headphones,4,302.89,1211.56
2023-06-01,CUST0263,Mouse,4,480.36,1921.44
2023-06-01,CUST0034,Laptop,3,457.29,1371.87
2023-06-02,CUST0268,Mouse,1,719.04,719.04
2023-06-02,CUST0004,Mouse,4,69.88,279.52
2023-06-03,CUST0002,Headphones,1,556.47,556.47
2023-06-03,CUST0143,Mouse,4,57.91,231.64
2023-06-03,CUST0061,Mouse,3,819.13,2457.39
2023-06-04,CUST0288,Smartphone,1,1037.43,1037.43
2023-06-04,CUST0223,Mouse,1,1141.04,1141.04
2023-06-05,CUST0073,Charger,3,959.02,2877.06
2023-06-06,CUST0115,Keyboard,2,802.36,1604.72
2023-06-07,CUST0295,Camera,1,1674.94,1674.94
2023-06-07,CUST0140,Mouse,1,122.63,122.63
2023-06-07,CUST0217,Monitor,1,1464.1,1464.1
2023-06-09,CUST0076,Headphones,1,1240.27,1240.27
2023-06-09,CUST0288,Monitor,3,563.91,1691.73
2023-06-09,CUST0098,Smartphone,3,1136.87,3410.61
2023-06-09,CUST0178,Smartphone,3,1315.6,3946.8
2023-06-09,CUST0186,Monitor,3,421.21,1263.63
2023-06-09,CUST0161,Laptop,4,134.53,538.12
2023-06-09,CUST0223,Monitor,1,1962.73,1962.73
2023-06-10,CUST0017,Camera,4,1513.41,6053.64
2023-06-10,CUST0193,Camera,1,425.27,425.27
2023-06-10,CUST0153,Laptop,4,366.94,1467.76
2023-06-10,CUST0296,Mouse,3,648.82,1946.46
2023-06-11,CUST0041,Laptop,2,641.38,1282.76
2023-06-11,CUST0196,Smartphone,1,750.04,750.04
2023-06-12,CUST0046,Keyboard,3,1565.12,4695.36
2023-06-12,CUST0084,Laptop,2,337.72,675.44
2023-06-12,CUST0237,Keyboard,2,828.14,1656.28
2023-06-12,CUST0023,Charger,1,687.94,687.94
2023-06-13,CUST0224,Camera,2,444.52,889.04
2023-06-13,CUST0264,Charger,1,521.48,521.48
2023-06-13,CUST0002,Camera,3,1743.64,5230.92
2023-06-14,CUST0186,Laptop,3,1348.89,4046.67
2023-06-14,CUST0072,Charger,2,1021.16,2042.32
2023-06-14,CUST0114,Monitor,3,285.86,857.58
2023-06-15,CUST0107,Mouse,4,1403.92,5615.68
2023-06-16,CUST0125,Laptop,4,196.79,787.16
2023-06-16,CUST0273,Keyboard,4,374.92,1499.68
2023-06-17,CUST0281,Keyboard,4,1660.54,6642.16
2023-06-17,CUST0059,Smartphone,4,1682.81,6731.24
2023-06-18,CUST0130,Laptop,3,1005.13,3015.39
2023-06-19,CUST0141,Headphones,2,122.3,244.6
2023-06-19,CUST0049,Smartphone,3,169.7,509.1
2023-06-19,CUST0264,Charger,4,1677.5,6710.0
2023-06-19,CUST0165,Mouse,1,27.56,27.56
2023-06-19,CUST0270,Smartphone,1,934.2,934.2
2023-06-19,CUST0280,Mouse,3,1582.8,4748.4
2023-06-20,CUST0152,Camera,2,508.28,1016.56
2023-06-21,CUST0264,Mouse,4,1011.2,4044.8
2023-06-21,CUST0165,Monitor,3,164.7,494.1
2023-06-21,CUST0296,Charger,4,1052.17,4208.68
2023-06-21,CUST0017,Headphones,3,476.22,1428.66
2023-06-22,CUST0041,Mouse,2,1920.53,3841.06
2023-06-22,CUST0273,Camera,2,684.51,1369.02
2023-06-22,CUST0021,Charger,4,1522.26,6089.04
2023-06-22,CUST0072,Laptop,3,1470.15,4410.45
2023-06-22,CUST0152,Keyboard,2,182.9,365.8
2023-06-22,CUST0046,Keyboard,3,1122.62,3367.86
2023-06-23,CUST0162,Mouse,3,726.63,2179.89
2023-06-23,CUST0025,Headphones,2,104.0,208.0
2023-06-24,CUST0132,Charger,4,221.75,887.0
2023-06-25,CUST0164,Keyboard,4,1023.7,4094.8
2023-06-25,CUST0086,Mouse,2,1400.47,2800.94
2023-06-26,CUST0035,Camera,3,156.05,468.15
2023-06-26,CUST0020,Keyboard,1,978.3,978.3
2023-06-26,CUST0113,Monitor,1,928.7,928.7
2023-06-26,CUST0192,Monitor,3,1339.6,4018.8
2023-06-27,CUST0040,Mouse,4,1366.62,5466.48
2023-06-27,CUST0007,Camera,4,1646.35,6585.4
2023-06-28,CUST0244,Charger,2,1948.9,3897.8
2023-06-28,CUST0262,Mouse,2,1174.19,2348.38
2023-06-29,CUST0159,Headphones,3,1304.31,3912.93
2023-06-29,CUST0124,Laptop,2,1358.53,2717.06
2023-06-29,CUST0136,Laptop,4,1877.17,7508.68
2023-06-29,CUST0087,Camera,3,1102.22,3306.66
2023-06-29,CUST0269,Charger,2,1934.73,3869.46
2023-06-30,CUST0108,Camera,1,1430.99,1430.99
2023-06-30,CUST0285,Charger,4,228.68,914.72
2023-07-01,CUST0206,Monitor,3,1353.82,4061.46
2023-07-02,CUST0222,Monitor,1,1097.62,1097.62
2023-07-02,CUST0181,Charger,3,1617.2,4851.6
2023-07-03,CUST0126,Mouse,1,834.16,834.16
2023-07-03,CUST0085,Headphones,2,1921.07,3842.14
2023-07-03,CUST0130,Smartphone,2,1340.36,2680.72
2023-07-04,CUST0145,Monitor,3,857.0,2571.0
2023-07-05,CUST0111,Keyboard,1,1080.6,1080.6
2023-07-05,CUST0210,Camera,3,1681.21,5043.63
2023-07-05,CUST0075,Monitor,1,831.15,831.15
2023-07-06,CUST0285,Headphones,1,1886.59,1886.59
2023-07-06,CUST0210,Mouse,3,749.53,2248.59
2023-07-06,CUST0229,Mouse,3,1710.49,5131.47
2023-07-06,CUST0020,Charger,4,1007.81,4031.24
2023-07-06,CUST0076,Laptop,4,1227.2,4908.8
2023-07-07,CUST0012,Camera,4,754.46,3017.84
2023-07-07,CUST0130,Camera,1,644.94,644.94
2023-07-07,CUST0005,Keyboard,4,508.71,2034.84
2023-07-08,CUST0047,Headphones,4,875.4,3501.6
2023-07-08,CUST0138,Laptop,3,1257.07,3771.21
2023-07-09,CUST0074,Keyboard,2,1680.21,3360.42
2023-07-09,CUST0228,Keyboard,1,1321.56,1321.56
2023-07-09,CUST0016,Smartphone,2,1413.33,2826.66
2023-07-09,CUST0217,Monitor,1,1048.06,1048.06
2023-07-09,CUST0158,Charger,1,703.48,703.48
2023-07-09,CUST0062,Monitor,1,646.21,646.21
2023-07-10,CUST0097,Headphones,4,876.8,3507.2
2023-07-10,CUST0101,Smartphone,1,1617.25,1617.25
2023-07-10,CUST0289,Laptop,4,1223.35,4893.4
2023-07-11,CUST0282,Headphones,3,1174.72,3524.16
2023-07-11,CUST0035,Headphones,1,127.58,127.58
2023-07-11,CUST0046,Smartphone,3,510.17,1530.51
2023-07-11,CUST0215,Smartphone,1,1961.13,1961.13
2023-07-11,CUST0297,Smartphone,2,383.22,766.44
2023-07-11,CUST0073,Keyboard,2,467.73,935.46
2023-07-11,CUST0080,Headphones,2,553.63,1107.26
2023-07-13,CUST0190,Charger,1,1787.27,1787.27
2023-07-13,CUST0154,Keyboard,3,305.28,915.84
2023-07-13,CUST0271,Mouse,2,1906.57,3813.14
2023-07-14,CUST0285,Charger,2,64.4,128.8
2023-07-14,CUST0039,Monitor,3,1571.8,4715.4
2023-07-14,CUST0267,Charger,3,160.89,482.67
2023-07-15,CUST0239,Keyboard,3,633.38,1900.14
2023-07-15,CUST0039,Camera,1,1433.82,1433.82
2023-07-16,CUST0250,Charger,4,1537.7,6150.8
2023-07-16,CUST0238,Keyboard,1,791.02,791.02
2023-07-17,CUST0002,Mouse,4,509.73,2038.92
2023-07-17,CUST0007,Monitor,3,396.41,1189.23
2023-07-17,CUST0108,Camera,1,311.61,311.61
2023-07-17,CUST0175,Monitor,4,35.53,142.12
2023-07-18,CUST0158,Monitor,1,1463.15,1463.15
2023-07-20,CUST0171,Keyboard,2,1198.36,2396.72
2023-07-20,CUST0014,Charger,1,1767.47,1767.47
2023-07-20,CUST0195,Laptop,4,1138.87,4555.48
2023-07-21,CUST0086,Keyboard,4,752.23,3008.92
2023-07-21,CUST0246,Charger,4,1248.54,4994.16
2023-07-21,CUST0228,Headphones,1,474.6,474.6
2023-07-21,CUST0154,Camera,3,122.94,368.82
2023-07-22,CUST0151,Headphones,1,1888.53,1888.53
2023-07-22,CUST0068,Charger,4,561.81,2247.24
2023-07-22,CUST0161,Smartphone,2,359.95,719.9
2023-07-23,CUST0089,Mouse,1,589.17,589.17
2023-07-24,CUST0225,Mouse,3,1202.37,3607.11
2023-07-24,CUST0198,Mouse,3,1692.85,5078.55
2023-07-25,CUST0227,Camera,2,866.65,1733.3
2023-07-25,CUST0179,Mouse,2,1411.03,2822.06
2023-07-26,CUST0098,Charger,2,565.07,1130.14
2023-07-26,CUST0164,Monitor,3,558.45,1675.35
2023-07-26,CUST0117,Camera,1,756.04,756.04
2023-07-27,CUST0064,Mouse,1,963.14,963.14
2023-07-27,CUST0015,Mouse,2,447.17,894.34
2023-07-27,CUST0042,Mouse,4,221.57,886.28
2023-07-31,CUST0012,Charger,1,943.29,943.29
2023-07-31,CUST0107,Keyboard,4,1774.47,7097.88
2023-07-31,CUST0164,Mouse,3,1455.51,4366.53
2023-08-01,CUST0148,Camera,1,1410.25,1410.25
2023-08-01,CUST0184,Charger,3,1762.71,5288.13
2023-08-02,CUST0214,Laptop,2,268.59,537.18
2023-08-02,CUST0019,Keyboard,2,375.12,750.24
2023-08-02,CUST0142,Smartphone,3,1991.35,5974.05
2023-08-03,CUST0133,Charger,2,532.25,1064.5
2023-08-03,CUST0294,Headphones,3,1703.69,5111.07
2023-08-03,CUST0130,Mouse,2,1433.63,2867.26
2023-08-03,CUST0183,Laptop,3,1576.69,4730.07
2023-08-03,CUST0022,Mouse,2,159.57,319.14
2023-08-04,CUST0089,Charger,2,1677.99,3355.98
2023-08-04,CUST0287,Charger,4,637.49,2549.96
2023-08-05,CUST0050,Mouse,4,1720.46,6881.84
2023-08-05,CUST0024,Mouse,4,1423.36,5693.44
2023-08-05,CUST0047,Camera,1,1310.25,1310.25
2023-08-05,CUST0196,Mouse,4,1490.91,5963.64
2023-08-05,CUST0022,Mouse,4,1085.9,4343.6
2023-08-05,CUST0077,Monitor,3,1482.67,4448.01
2023-08-06,CUST0068,Mouse,1,1320.38,1320.38
2023-08-06,CUST0182,Mouse,4,1252.24,5008.96
2023-08-06,CUST0055,Mouse,2,600.75,1201.5
2023-08-06,CUST0289,Monitor,4,926.25,3705.0
2023-08-06,CUST0136,Charger,1,473.17,473.17
2023-08-08,CUST0209,Monitor,3,185.44,556.32
2023-08-08,CUST0208,Headphones,3,980.49,2941.47
2023-08-08,CUST0129,Camera,1,22.92,22.92
2023-08-08,CUST0092,Laptop,2,1903.83,3807.66
2023-08-08,CUST0010,Smartphone,2,183.82,367.64
2023-08-08,CUST0087,Mouse,1,169.89,169.89
2023-08-08,CUST0003,Mouse,3,807.27,2421.81
2023-08-09,CUST0027,Headphones,2,387.58,775.16
2023-08-10,CUST0145,Smartphone,1,172.4,172.4
2023-08-10,CUST0137,Smartphone,4,608.64,2434.56
2023-08-10,CUST0128,Smartphone,1,808.05,808.05
2023-08-11,CUST0007,Smartphone,1,896.24,896.24
2023-08-11,CUST0149,Charger,3,1424.46,4273.38
2023-08-11,CUST0026,Monitor,2,698.44,1396.88
2023-08-11,CUST0288,Headphones,3,1317.24,3951.72
2023-08-11,CUST0038,Smartphone,3,1419.13,4257.39
2023-08-12,CUST0202,Smartphone,1,714.03,714.03
2023-08-12,CUST0096,Laptop,4,1962.66,7850.64
2023-08-12,CUST0233,Smartphone,3,1614.08,4842.24
2023-08-12,CUST0123,Smartphone,2,55.89,111.78
2023-08-13,CUST0242,Camera,1,1157.09,1157.09
2023-08-13,CUST0222,Monitor,2,1916.71,3833.42
2023-08-13,CUST0285,Keyboard,4,1836.62,7346.48
2023-08-13,CUST0088,Charger,4,1147.69,4590.76
2023-08-14,CUST0158,Monitor,2,160.65,321.3
2023-08-14,CUST0266,Headphones,3,1395.39,4186.17
2023-08-14,CUST0069,Headphones,4,579.3,2317.2
2023-08-15,CUST0003,Mouse,1,568.48,568.48
2023-08-15,CUST0225,Charger,3,1270.21,3810.63
2023-08-15,CUST0257,Camera,3,1544.91,4634.73
2023-08-15,CUST0219,Headphones,2,1043.06,2086.12
2023-08-15,CUST0155,Mouse,2,143.8,287.6
2023-08-16,CUST0127,Mouse,4,913.56,3654.24
2023-08-16,CUST0277,Mouse,3,1252.81,3758.43
2023-08-17,CUST0214,Keyboard,4,1621.87,6487.48
2023-08-17,CUST0153,Mouse,2,155.34,310.68
2023-08-17,CUST0077,Smartphone,4,948.83,3795.32
2023-08-17,CUST0242,Keyboard,4,835.68,3342.72
2023-08-17,CUST0287,Monitor,4,1390.87,5563.48
2023-08-18,CUST0227,Keyboard,2,1393.36,2786.72
2023-08-18,CUST0058,Keyboard,3,1039.71,3119.13
2023-08-19,CUST0032,Smartphone,3,534.61,1603.83
2023-08-19,CUST0075,Monitor,4,1799.15,7196.6
2023-08-19,CUST0104,Headphones,4,839.01,3356.04
2023-08-19,CUST0251,Camera,4,619.77,2479.08
2023-08-19,CUST0133,Laptop,1,187.44,187.44
2023-08-21,CUST0025,Smartphone,3,1488.95,4466.85
2023-08-21,CUST0293,Headphones,3,1320.13,3960.39
2023-08-21,CUST0116,Monitor,2,252.06,504.12
2023-08-21,CUST0193,Monitor,1,1170.28,1170.28
2023-08-21,CUST0018,Smartphone,2,1421.29,2842.58
2023-08-21,CUST0285,Laptop,3,919.6,2758.8
2023-08-21,CUST0162,Keyboard,4,930.14,3720.56
2023-08-21,CUST0292,Monitor,1,1609.23,1609.23
2023-08-22,CUST0132,Headphones,4,498.95,1995.8
2023-08-23,CUST0195,Keyboard,4,1335.15,5340.6
2023-08-23,CUST0059,Charger,4,1161.87,4647.48
2023-08-24,CUST0027,Smartphone,1,683.85,683.85
2023-08-24,CUST0231,Camera,4,392.08,1568.32
2023-08-24,CUST0270,Charger,4,566.82,2267.28
2023-08-25,CUST0261,Charger,1,570.15,570.15
2023-08-25,CUST0157,Monitor,3,1362.07,4086.21
2023-08-25,CUST0179,Smartphone,4,150.08,600.32
2023-08-26,CUST0291,Camera,3,1081.15,3243.45
2023-08-26,CUST0120,Keyboard,2,551.7,1103.4
2023-08-26,CUST0187,Keyboard,1,1625.54,1625.54
2023-08-27,CUST0021,Keyboard,4,1376.57,5506.28
2023-08-27,CUST0267,Keyboard,2,815.74,1631.48
2023-08-27,CUST0053,Smartphone,3,1962.61,5887.83
2023-08-27,CUST0243,Monitor,3,757.62,2272.86
2023-08-27,CUST0107,Charger,2,1290.63,2581.26
2023-08-28,CUST0197,Camera,2,1288.42,2576.84
2023-08-28,CUST0012,Monitor,1,787.9,787.9
2023-08-28,CUST0179,Laptop,3,207.94,623.82
2023-08-29,CUST0294,Charger,2,1570.73,3141.46
2023-08-30,CUST0288,Keyboard,1,166.73,166.73
2023-08-30,CUST0188,Headphones,1,1830.81,1830.81
2023-08-30,CUST0145,Charger,4,1413.64,5654.56
2023-08-30,CUST0205,Charger,3,339.5,1018.5
2023-08-31,CUST0063,Headphones,3,1574.68,4724.04
2023-08-31,CUST0141,Monitor,3,1354.51,4063.53
2023-09-01,CUST0089,Charger,3,640.43,1921.29
2023-09-03,CUST0282,Charger,3,1658.46,4975.38
2023-09-03,CUST0040,Charger,1,549.46,549.46
2023-09-04,CUST0263,Camera,2,1589.34,3178.68
2023-09-04,CUST0224,Mouse,1,1478.34,1478.34
2023-09-04,CUST0117,Mouse,1,1843.57,1843.57
2023-09-04,CUST0165,Laptop,2,81.68,163.36
2023-09-04,CUST0020,Monitor,3,1941.94,5825.82
2023-09-04,CUST0047,Keyboard,1,723.53,723.53
2023-09-06,CUST0295,Mouse,2,511.78,1023.56
2023-09-06,CUST0012,Monitor,2,666.75,1333.5
2023-09-06,CUST0121,Camera,1,195.0,195.0
2023-09-06,CUST0001,Mouse,3,696.97,2090.91
2023-09-07,CUST0293,Keyboard,4,420.46,1681.84
2023-09-07,CUST0170,Charger,1,1254.82,1254.82
2023-09-07,CUST0251,Keyboard,4,1227.81,4911.24
2023-09-08,CUST0300,Monitor,1,763.43,763.43
2023-09-08,CUST0028,Smartphone,1,1398.39,1398.39
2023-09-09,CUST0159,Smartphone,4,439.75,1759.0
2023-09-09,CUST0173,Camera,3,1482.42,4447.26
2023-09-09,CUST0015,Smartphone,4,889.64,3558.56
2023-09-09,CUST0202,Charger,4,1010.22,4040.88
2023-09-09,CUST0237,Charger,3,1526.8,4580.4
2023-09-09,CUST0226,Mouse,3,472.78,1418.34
2023-09-09,CUST0093,Camera,1,398.03,398.03
2023-09-10,CUST0257,Charger,4,514.91,2059.64
2023-09-10,CUST0229,Headphones,2,112.77,225.54
2023-09-10,CUST0077,Mouse,3,1400.33,4200.99
2023-09-10,CUST0155,Mouse,1,1501.8,1501.8
2023-09-10,CUST0122,Monitor,2,422.88,845.76
2023-09-10,CUST0044,Camera,2,1970.02,3940.04
2023-09-11,CUST0134,Monitor,1,1168.58,1168.58
2023-09-11,CUST0154,Smartphone,1,727.1,727.1
2023-09-11,CUST0029,Keyboard,4,1903.82,7615.28
2023-09-12,CUST0112,Monitor,3,1955.07,5865.21
2023-09-12,CUST0149,Keyboard,3,1550.82,4652.46
2023-09-12,CUST0229,Headphones,2,1325.83,2651.66
2023-09-13,CUST0057,Camera,4,798.53,3194.12
2023-09-13,CUST0055,Headphones,1,1757.15,1757.15
2023-09-14,CUST0176,Keyboard,4,1884.55,7538.2
2023-09-14,CUST0182,Monitor,1,545.85,545.85
2023-09-14,CUST0037,Smartphone,4,1203.38,4813.52
2023-09-15,CUST0115,Smartphone,3,1768.33,5304.99
2023-09-15,CUST0236,Keyboard,2,582.86,1165.72
2023-09-16,CUST0256,Charger,3,726.92,2180.76
2023-09-16,CUST0257,Camera,3,143.16,429.48
2023-09-16,CUST0014,Mouse,1,445.53,445.53
2023-09-16,CUST0174,Monitor,3,1793.44,5380.32
2023-09-16,CUST0262,Headphones,3,1609.94,4829.82
2023-09-17,CUST0282,Keyboard,1,1315.18,1315.18
2023-09-17,CUST0157,Camera,1,1914.46,1914.46
2023-09-18,CUST0141,Charger,1,266.25,266.25
2023-09-19,CUST0266,Mouse,4,594.29,2377.16
2023-09-19,CUST0119,Headphones,2,1992.39,3984.78
2023-09-20,CUST0040,Smartphone,2,108.92,217.84
2023-09-21,CUST0249,Smartphone,1,37.93,37.93
2023-09-21,CUST0052,Charger,3,143.54,430.62
2023-09-21,CUST0111,Camera,3,320.16,960.48
2023-09-21,CUST0134,Mouse,3,1526.85,4580.55
2023-09-21,CUST0029,Monitor,2,1604.01,3208.02
2023-09-21,CUST0152,Laptop,3,1408.32,4224.96
2023-09-22,CUST0164,Charger,1,511.8,511.8
2023-09-22,CUST0225,Smartphone,3,28.64,85.92
2023-09-24,CUST0093,Keyboard,3,751.76,2255.28
2023-09-24,CUST0115,Mouse,2,591.99,1183.98
2023-09-25,CUST0084,Laptop,1,1817.52,1817.52
2023-09-25,CUST0293,Headphones,2,938.91,1877.82
2023-09-25,CUST0008,Smartphone,1,902.17,902.17
2023-09-25,CUST0147,Charger,2,911.5,1823.0
2023-09-25,CUST0060,Camera,2,1866.77,3733.54
2023-09-26,CUST0153,Camera,1,1814.05,1814.05
2023-09-27,CUST0010,Charger,2,123.66,247.32
2023-09-28,CUST0118,Laptop,2,1647.92,3295.84
2023-09-28,CUST0096,Smartphone,4,1442.54,5770.16
2023-09-28,CUST0178,Monitor,1,1016.11,1016.11
2023-09-28,CUST0078,Camera,1,1486.99,1486.99
2023-09-29,CUST0009,Monitor,3,1589.66,4768.98
2023-09-29,CUST0054,Headphones,1,567.11,567.11
2023-09-30,CUST0020,Monitor,4,1797.88,7191.52
2023-09-30,CUST0266,Monitor,2,1027.6,2055.2
2023-09-30,CUST0012,Charger,4,858.2,3432.8
2023-09-30,CUST0017,Keyboard,1,754.8,754.8
2023-10-01,CUST0023,Keyboard,2,1380.3,2760.6
2023-10-01,CUST0110,Smartphone,4,324.31,1297.24
2023-10-02,CUST0295,Camera,3,1250.16,3750.48
2023-10-02,CUST0146,Mouse,1,927.69,927.69
2023-10-02,CUST0153,Camera,1,1228.88,1228.88
2023-10-04,CUST0263,Camera,4,351.63,1406.52
2023-10-04,CUST0012,Laptop,1,47.22,47.22
2023-10-04,CUST0001,Keyboard,3,1502.32,4506.96
2023-10-04,CUST0282,Charger,2,676.5,1353.0
2023-10-04,CUST0289,Charger,1,861.95,861.95
2023-10-04,CUST0234,Keyboard,3,1255.01,3765.03
2023-10-05,CUST0009,Camera,3,1047.03,3141.09
2023-10-06,CUST0278,Monitor,3,1241.23,3723.69
2023-10-06,CUST0260,Charger,1,876.88,876.88
2023-10-07,CUST0114,Charger,3,326.56,979.68
2023-10-07,CUST0291,Smartphone,1,856.81,856.81
2023-10-07,CUST0285,Camera,3,340.11,1020.33
2023-10-07,CUST0157,Charger,3,290.47,871.41
2023-10-07,CUST0089,Keyboard,3,545.35,1636.05
2023-10-08,CUST0264,Mouse,3,1098.1,3294.3
2023-10-08,CUST0217,Laptop,3,277.56,832.68
2023-10-09,CUST0289,Charger,4,1859.7,7438.8
2023-10-09,CUST0144,Laptop,2,188.5,377.0
2023-10-09,CUST0213,Mouse,2,1451.02,2902.04
2023-10-10,CUST0012,Smartphone,4,629.44,2517.76
2023-10-10,CUST0202,Laptop,4,709.23,2836.92
2023-10-10,CUST0286,Laptop,1,595.2,595.2
2023-10-10,CUST0220,Monitor,2,1330.13,2660.26
2023-10-10,CUST0152,Headphones,3,1754.25,5262.75
2023-10-11,CUST0239,Keyboard,4,1535.78,6143.12
2023-10-11,CUST0118,Monitor,4,298.79,1195.16
2023-10-11,CUST0251,Camera,1,1416.81,1416.81
2023-10-11,CUST0154,Monitor,2,1098.08,2196.16
2023-10-12,CUST0216,Keyboard,2,706.12,1412.24
2023-10-12,CUST0108,Charger,3,1123.53,3370.59
2023-10-12,CUST0045,Smartphone,3,221.75,665.25
2023-10-13,CUST0192,Monitor,2,155.55,311.1
2023-10-13,CUST0183,Laptop,4,1303.67,5214.68
2023-10-13,CUST0224,Monitor,3,1626.03,4878.09
2023-10-13,CUST0171,Monitor,3,1633.58,4900.74
2023-10-13,CUST0250,Monitor,2,94.39,188.78
2023-10-15,CUST0008,Headphones,1,1780.47,1780.47
2023-10-15,CUST0143,Charger,1,607.19,607.19
2023-10-15,CUST0171,Laptop,3,342.81,1028.43
2023-10-16,CUST0218,Mouse,3,58.27,174.81
2023-10-16,CUST0132,Laptop,3,551.75,1655.25
2023-10-16,CUST0292,Charger,2,388.55,777.1
2023-10-16,CUST0037,Camera,2,1126.94,2253.88
2023-10-16,CUST0123,Smartphone,4,169.66,678.64
2023-10-17,CUST0226,Headphones,2,1349.53,2699.06
2023-10-17,CUST0226,Laptop,1,516.77,516.77
2023-10-19,CUST0024,Headphones,4,1720.35,6881.4
2023-10-19,CUST0089,Monitor,2,758.78,1517.56
2023-10-20,CUST0293,Smartphone,1,406.43,406.43
2023-10-20,CUST0051,Mouse,1,1552.5,1552.5
2023-10-21,CUST0036,Laptop,3,1519.47,4558.41
2023-10-21,CUST0265,Camera,2,1153.76,2307.52
2023-10-21,CUST0076,Laptop,3,1266.52,3799.56
2023-10-21,CUST0257,Camera,4,453.06,1812.24
2023-10-22,CUST0247,Headphones,3,434.19,1302.57
2023-10-23,CUST0216,Monitor,4,955.12,3820.48
2023-10-25,CUST0014,Headphones,1,1840.67,1840.67
2023-10-26,CUST0199,Smartphone,1,1867.19,1867.19
2023-10-27,CUST0228,Laptop,3,1768.17,5304.51
2023-10-27,CUST0019,Charger,4,929.98,3719.92
2023-10-28,CUST0232,Laptop,1,1201.77,1201.77
2023-10-28,CUST0199,Smartphone,1,1360.34,1360.34
2023-10-28,CUST0292,Keyboard,2,414.45,828.9
2023-10-29,CUST0229,Keyboard,1,664.08,664.08
2023-10-29,CUST0191,Laptop,4,203.4,813.6
2023-10-30,CUST0261,Laptop,3,1596.56,4789.68
2023-10-30,CUST0080,Monitor,1,869.31,869.31
2023-10-30,CUST0173,Charger,4,1092.69,4370.76
2023-10-30,CUST0102,Mouse,2,329.29,658.58
2023-10-31,CUST0029,Camera,1,1712.96,1712.96
2023-10-31,CUST0128,Keyboard,1,1838.11,1838.11
2023-10-31,CUST0123,Monitor,2,844.68,1689.36
2023-10-31,CUST0227,Camera,4,844.8,3379.2
2023-10-31,CUST0004,Headphones,4,1162.7,4650.8
2023-11-01,CUST0247,Camera,4,1101.93,4407.72
2023-11-01,CUST0154,Headphones,3,687.67,2063.01
2023-11-02,CUST0231,Camera,3,861.2,2583.6
2023-11-02,CUST0176,Camera,3,1726.15,5178.45
2023-11-02,CUST0133,Headphones,2,1198.7,2397.4
2023-11-03,CUST0166,Monitor,1,1068.73,1068.73
2023-11-03,CUST0104,Mouse,4,878.96,3515.84
2023-11-04,CUST0120,Charger,4,208.89,835.56
2023-11-04,CUST0284,Camera,1,391.69,391.69
2023-11-04,CUST0146,Laptop,4,1152.06,4608.24
2023-11-05,CUST0069,Camera,3,1003.46,3010.38
2023-11-06,CUST0038,Smartphone,4,1010.79,4043.16
2023-11-06,CUST0122,Charger,2,850.51,1701.02
2023-11-07,CUST0172,Headphones,2,276.76,553.52
2023-11-07,CUST0158,Charger,4,1257.25,5029.0
2023-11-07,CUST0096,Smartphone,4,1105.87,4423.48
2023-11-08,CUST0119,Headphones,2,151.8,303.6
2023-11-08,CUST0102,Smartphone,2,505.8,1011.6
2023-11-08,CUST0199,Camera,2,1405.29,2810.58
2023-11-09,CUST0066,Headphones,1,777.94,777.94
2023-11-09,CUST0223,Monitor,4,406.58,1626.32
2023-11-10,CUST0170,Mouse,2,485.25,970.5
2023-11-10,CUST0060,Charger,4,20.27,81.08
2023-11-10,CUST0082,Charger,2,200.96,401.92
2023-11-11,CUST0131,Charger,4,170.95,683.8
2023-11-11,CUST0004,Charger,3,450.98,1352.94
2023-11-11,CUST0146,Monitor,3,437.37,1312.11
2023-11-12,CUST0082,Camera,4,1618.0,6472.0
2023-11-12,CUST0251,Charger,2,1675.51,3351.02
2023-11-12,CUST0143,Camera,2,787.54,1575.08
2023-11-13,CUST0095,Monitor,1,498.24,498.24
2023-11-13,CUST0160,Keyboard,4,843.23,3372.92
2023-11-13,CUST0157,Monitor,3,1246.66,3739.98
2023-11-13,CUST0148,Camera,2,20.02,40.04
2023-11-14,CUST0298,Smartphone,3,1600.62,4801.86
2023-11-14,CUST0052,Camera,1,585.8,585.8
2023-11-14,CUST0113,Smartphone,3,906.39,2719.17
2023-11-14,CUST0288,Smartphone,4,106.92,427.68
2023-11-15,CUST0198,Laptop,4,718.86,2875.44
2023-11-15,CUST0192,Charger,2,1194.45,2388.9
2023-11-16,CUST0106,Smartphone,3,783.48,2350.44
2023-11-16,CUST0149,Laptop,1,1781.25,1781.25
2023-11-16,CUST0296,Headphones,4,1582.09,6328.36
2023-11-17,CUST0008,Charger,4,797.61,3190.44
2023-11-17,CUST0159,Camera,1,1715.94,1715.94
2023-11-18,CUST0293,Laptop,2,773.43,1546.86
2023-11-18,CUST0271,Headphones,2,326.75,653.5
2023-11-19,CUST0198,Laptop,2,1175.87,2351.74
2023-11-19,CUST0168,Smartphone,1,1916.01,1916.01
2023-11-19,CUST0012,Smartphone,1,1189.46,1189.46
2023-11-20,CUST0202,Keyboard,2,848.84,1697.68
2023-11-20,CUST0161,Charger,3,1817.64,5452.92
2023-11-21,CUST0025,Monitor,4,49.92,199.68
2023-11-21,CUST0176,Smartphone,1,1734.87,1734.87
2023-11-21,CUST0188,Camera,3,964.26,2892.78
2023-11-22,CUST0060,Charger,3,1648.31,4944.93
2023-11-22,CUST0086,Smartphone,3,1256.74,3770.22
2023-11-22,CUST0261,Camera,2,43.96,87.92
2023-11-22,CUST0274,Keyboard,3,1019.5,3058.5
2023-11-23,CUST0283,Monitor,2,748.22,1496.44
2023-11-23,CUST0174,Mouse,4,403.85,1615.4
2023-11-23,CUST0177,Laptop,2,1916.42,3832.84
2023-11-24,CUST0133,Charger,2,39.65,79.3
2023-11-25,CUST0179,Monitor,4,1928.88,7715.52
2023-11-26,CUST0293,Charger,4,659.59,2638.36
2023-11-26,CUST0106,Camera,2,850.16,1700.32
2023-11-26,CUST0059,Keyboard,2,393.31,786.62
2023-11-27,CUST0084,Headphones,4,1648.62,6594.48
2023-11-27,CUST0241,Smartphone,1,571.17,571.17
2023-11-27,CUST0236,Monitor,4,1765.75,7063.0
2023-11-27,CUST0141,Charger,2,1279.19,2558.38
2023-11-29,CUST0011,Laptop,1,995.29,995.29
2023-12-01,CUST0170,Headphones,4,1135.55,4542.2
2023-12-01,CUST0293,Camera,3,1255.52,3766.56
2023-12-01,CUST0001,Smartphone,3,1560.49,4681.47
2023-12-01,CUST0175,Camera,4,749.33,2997.32
2023-12-02,CUST0040,Headphones,2,1890.58,3781.16
2023-12-02,CUST0242,Charger,3,1718.89,5156.67
2023-12-03,CUST0235,Smartphone,3,880.12,2640.36
2023-12-03,CUST0161,Headphones,3,1356.08,4068.24
2023-12-04,CUST0173,Laptop,4,1893.98,7575.92
2023-12-04,CUST0264,Headphones,2,1330.7,2661.4
2023-12-04,CUST0128,Charger,2,972.16,1944.32
2023-12-04,CUST0136,Charger,4,1223.35,4893.4
2023-12-05,CUST0033,Camera,3,1873.84,5621.52
2023-12-05,CUST0060,Camera,4,1883.42,7533.68
2023-12-06,CUST0287,Monitor,4,884.5,3538.0
2023-12-06,CUST0056,Camera,1,1183.42,1183.42
2023-12-06,CUST0039,Charger,3,1339.44,4018.32
2023-12-06,CUST0282,Keyboard,4,1778.47,7113.88
2023-12-06,CUST0257,Keyboard,4,310.99,1243.96
2023-12-07,CUST0207,Charger,3,939.19,2817.57
2023-12-07,CUST0098,Mouse,4,1937.7,7750.8
2023-12-07,CUST0010,Monitor,3,542.84,1628.52
2023-12-08,CUST0251,Mouse,1,1637.91,1637.91
2023-12-08,CUST0120,Headphones,3,552.33,1656.99
2023-12-08,CUST0039,Smartphone,1,1474.2,1474.2
2023-12-08,CUST0059,Mouse,3,1434.56,4303.68
2023-12-08,CUST0079,Mouse,3,1115.67,3347.01
2023-12-08,CUST0293,Camera,1,36.56,36.56
2023-12-09,CUST0291,Monitor,2,1429.21,2858.42
2023-12-10,CUST0148,Laptop,3,240.79,722.37
2023-12-10,CUST0137,Laptop,3,284.98,854.94
2023-12-11,CUST0286,Smartphone,4,1419.81,5679.24
2023-12-11,CUST0299,Smartphone,4,589.07,2356.28
2023-12-12,CUST0201,Headphones,2,797.07,1594.14
2023-12-12,CUST0104,Charger,1,350.57,350.57
2023-12-12,CUST0053,Mouse,2,1276.04,2552.08
2023-12-12,CUST0291,Charger,4,613.61,2454.44
2023-12-12,CUST0226,Headphones,1,820.96,820.96
2023-12-12,CUST0218,Smartphone,4,1518.33,6073.32
2023-12-12,CUST0009,Smartphone,2,252.75,505.5
2023-12-13,CUST0064,Headphones,4,1526.49,6105.96
2023-12-14,CUST0011,Monitor,4,460.28,1841.12
2023-12-14,CUST0204,Camera,2,1383.49,2766.98
2023-12-14,CUST0211,Charger,3,1354.78,4064.34
2023-12-14,CUST0240,Monitor,4,1272.13,5088.52
2023-12-15,CUST0131,Mouse,1,619.8,619.8
2023-12-15,CUST0293,Charger,3,37.9,113.7
2023-12-15,CUST0237,Charger,4,1790.31,7161.24
2023-12-15,CUST0099,Monitor,3,375.14,1125.42
2023-12-15,CUST0161,Laptop,2,1779.54,3559.08
2023-12-16,CUST0036,Smartphone,3,665.98,1997.94
2023-12-16,CUST0090,Laptop,1,1612.74,1612.74
2023-12-16,CUST0177,Headphones,3,1351.95,4055.85
2023-12-16,CUST0071,Laptop,1,890.69,890.69
2023-12-17,CUST0005,Smartphone,2,1539.78,3079.56
2023-12-17,CUST0117,Laptop,3,1175.75,3527.25
2023-12-18,CUST0090,Camera,4,66.72,266.88
2023-12-18,CUST0185,Camera,1,733.65,733.65
2023-12-18,CUST0202,Keyboard,1,1699.12,1699.12
2023-12-20,CUST0131,Mouse,4,1002.59,4010.36
2023-12-21,CUST0242,Monitor,2,1481.08,2962.16
2023-12-21,CUST0245,Mouse,2,1387.95,2775.9
2023-12-21,CUST0142,Mouse,1,515.93,515.93
2023-12-21,CUST0137,Laptop,4,1463.38,5853.52
2023-12-22,CUST0160,Smartphone,1,1488.45,1488.45
2023-12-23,CUST0013,Headphones,2,556.2,1112.4
2023-12-23,CUST0022,Mouse,3,680.58,2041.74
2023-12-23,CUST0195,Headphones,1,202.29,202.29
2023-12-24,CUST0262,Monitor,1,156.71,156.71
2023-12-24,CUST0066,Charger,4,1508.46,6033.84
2023-12-25,CUST0137,Mouse,4,1045.56,4182.24
2023-12-25,CUST0078,Headphones,4,311.66,1246.64
2023-12-26,CUST0200,Charger,4,1905.4,7621.6
2023-12-26,CUST0224,Keyboard,2,1331.62,2663.24
2023-12-26,CUST0297,Laptop,2,1952.51,3905.02
2023-12-26,CUST0111,Smartphone,1,1568.01,1568.01
2023-12-26,CUST0265,Smartphone,3,1049.94,3149.82
2023-12-26,CUST0299,Charger,4,99.89,399.56
2023-12-27,CUST0166,Charger,1,721.46,721.46
2023-12-27,CUST0219,Mouse,4,1052.47,4209.88
2023-12-29,CUST0102,Headphones,3,987.22,2961.66
2023-12-30,CUST0222,Mouse,1,337.52,337.52
2023-12-30,CUST0237,Camera,1,555.38,555.38
2023-12-31,CUST0002,Monitor,3,474.14,1422.42
2023-12-31,CUST0082,Headphones,1,1611.55,1611.55
2023-12-31,CUST0093,Laptop,1,223.08,223.08
2023-12-31,CUST0098,Monitor,1,1546.82,1546.82
2023-12-31,CUST0065,Camera,2,1745.4,3490.8
2023-12-31,CUST0213,Mouse,1,356.06,356.06
